{"cameraMode":{"drawMode":0,"name":"Shaded","section":"Shading Mode"},"sceneLighting":false,"audioPlay":false,"sceneViewState":{"showFog":true,"showMaterialUpdate":false,"showSkybox":true,"showFlares":true,"showImageEffects":true,"showParticleSystems":true},"in2DMode":false,"pivot":{"x":0.0,"y":-0.027835257351398469,"z":-0.05924779921770096},"rotation":{"x":-0.1768641322851181,"y":-0.7494004368782044,"z":0.5983762145042419,"w":-0.22150389850139619},"size":0.24371162056922913,"orthographic":false}